invoice_id,customer_id,order_id,invoice_date,due_date,currency,invoice_amount,status
S01-INV-1000,S01-CUST,,2026-07-19,2026-08-18,USD,1000.00,posted
S02-INV-800,S02-CUST,,2026-08-13,2026-09-12,USD,800.00,posted
S03-INV-600,S03-CUST,,2026-08-23,2026-09-22,USD,600.00,posted
S04-INV-A,S04-CUST,,2026-08-18,2026-09-17,USD,500.00,posted
S04-INV-B,S04-CUST,,2026-08-18,2026-09-17,USD,500.00,posted
S05-INV,S05-CUST,S05-ORD,2026-09-25,2026-10-25,USD,500.00,posted
S07-INV,S07-CUST,,2026-08-30,2026-09-29,USD,400.00,posted
S09-INV-USD,S09-CUST,,2026-08-28,2026-09-27,USD,100.00,posted
S09-INV-EUR,S09-CUST,,2026-08-28,2026-09-27,EUR,200.00,posted
S10-INV-1000,S10-CUST,,2026-08-21,2026-09-20,USD,1000.00,posted
S11-INV,S11-CUST,,2026-09-01,2026-10-01,USD,700.00,posted
S12-INV-0,S12-CUST,,2026-06-04,2026-10-03,USD,100.00,posted
S12-INV-1,S12-CUST,,2026-06-04,2026-10-02,USD,100.00,posted
S12-INV-2,S12-CUST,,2026-06-04,2026-10-01,USD,100.00,posted
S12-INV-3,S12-CUST,,2026-06-04,2026-09-02,USD,100.00,posted
S12-INV-4,S12-CUST,,2026-06-04,2026-09-01,USD,100.00,posted
S12-INV-5,S12-CUST,,2026-06-04,2026-08-03,USD,100.00,posted
S12-INV-6,S12-CUST,,2026-06-04,2026-08-02,USD,100.00,posted
S12-INV-7,S12-CUST,,2026-06-04,2026-07-04,USD,100.00,posted
S12-INV-8,S12-CUST,,2026-06-04,2026-07-03,USD,100.00,posted
S13-INV-400,S13-CUST,,2026-08-25,2026-09-24,USD,400.00,posted
S13-INV-500,S13-CUST,,2026-08-25,2026-09-24,USD,500.00,posted
S16-INV,S16-CUST,,2026-08-18,2026-09-17,USD,300.00,posted
S17-INV,S17-CUST,,2026-08-27,2026-09-26,USD,250.00,posted
